{
  "name": "0623_RRDB_PSNR_x4_AIM_wtex0.01LR" //  please remove "debug_" during training
  , "use_tb_logger": true
  , "model":"sr"
  , "scale": 4
  , "gpu_ids": [0]
  , "chop": false
  , "val_lpips": true
  ,"datasets": {
    "train": {
      "name": "AIM"
      , "mode": "LRHR"
      , "dataroot_HR": "/media/4T/Dizzy/AIM/AIM_datasets/DIV2K_train_HR"
      , "dataroot_LR": "/media/4T/Dizzy/real-world-sr/results/0622_AIM_FSD_Gau_wtex0.01LR/imgs"
      , "subset_file": null
      , "use_shuffle": true
      , "n_workers": 8
      , "batch_size": 11
      , "HR_size": 192 // 128 | 192
      , "use_flip": true
      , "use_rot": true
    }
    , "val": {
      "name": "val_AIM"
      , "mode": "LRHR"
      , "dataroot_HR": "/media/4T/Dizzy/AIM/AIM_datasets/DIV2K_val100/DIV2K_valid_HR"
      , "dataroot_LR": "/media/4T/Dizzy/AIM/AIM_datasets/ValidationSource"
    }
  }

  , "path": {
    "root": "/media/4T/Dizzy/BasicSR-master"
     , "resume_state": null
    , "pretrain_model_G": null
  }

  , "network_G": {
    "which_model_G": "RRDB_net" // RRDB_net | sr_resnet
    , "norm_type": null
    , "mode": "CNA"
    , "nf": 64
    , "nb": 23
    , "in_nc": 3
    , "out_nc": 3
    , "gc": 32
    , "group": 1
    , "reduction": 16
    , "nbht": 4
  }

  , "train": {
    "lr_G": 2e-4
    , "lr_scheme": "MultiStepLR"
    , "lr_steps": [70000, 150000, 300000, 400000]
    , "lr_gamma": 0.5

    , "pixel_criterion": "l1"
    , "pixel_weight": 1.0
    , "val_freq": 5e3

    , "manual_seed": 0
    , "niter": 1e6
  }

  , "logger": {
    "print_freq": 200
    , "save_checkpoint_freq": 5e3
  }
}
