{
  "name": "0603_DASR_SRN",
  "use_tb_logger": true,
  "model": "DASR_FS_ESRGAN_patchGAN",
  "scale": 4,
  "gpu_ids": [0],
  "chop": false, // during testing, crop input images.
  "val_lpips": true, // during testing, show LPIPS.
  "multiweights": true, // use domain-distance maps
  "datasets": {
    "train": {
      "name": "DIV2K",
      "mode": "LRHR_wavelet_unpair_fake_weights_EQ",
      "dataroot_HR": "/media/4T/Dizzy/AIM/AIM_datasets/DIV2K_train_HR",       // target domain
      "dataroot_fake_LR": "../../DSN_results/0603_DSN_LRs_aim2019/imgs",      // generated LRs
      "dataroot_real_LR": "/media/4T/Dizzy/AIM/AIM_datasets/TrainingSource",  // source domain
      "dataroot_fake_weights": "../../DSN_results/0603_DSN_LRs_aim2019/ddm",  // domain-distance map
      "subset_file": null,
      "use_shuffle": true,
      "n_workers": 12,
      "batch_size": 6, // batch size will be 12(two times of original)since [reallr*6, fakelr*6]
      "HR_size": 128,
      "use_flip": true,
      "use_rot": true
    },
    "val": {
      "name": "validation",
      "mode": "LRHR",
      "dataroot_HR": "/media/4T/Dizzy/AIM/AIM_datasets/DIV2K_val100/DIV2K_valid_HR",
      "dataroot_LR": "/media/4T/Dizzy/AIM/AIM_datasets/ValidationSource"
    }
  },
  "path": {
    "root": "../../SRN_experiments",
    "resume_state": null,
    "pretrain_model_G": null,
    "pretrain_model_D_target": null,
    "pretrain_model_D_source": null
  },
  "network_G": {
    "which_model_G": "RRDB_net",
    "norm_type": null,
    "mode": "CNA",
    "nf": 64,
    "nb": 23,
    "in_nc": 3,
    "out_nc": 3,
    "gc": 32,
    "group": 1,
    "reduction": 16,
    "nbht": 4
  },
  "network_D": {
    "which_model_D": "discriminator_patch",
    "which_model_pairD": "discriminator_patch",
    "norm_type": "Batch",
    "act_type": "leakyrelu",
    "mode": "CNA",
    "nf": 64,
    "in_nc": 9,
    "n_layers": 2
  },
  "train": {
    "lr_G": 0.0001,
    "weight_decay_G": 0,
    "beta1_G": 0.9,
    "lr_D": 0.0001,
    "weight_decay_D": 0,
    "beta1_D": 0.9,
    "lr_scheme": "MultiStepLR",
    "lr_steps": [35000, 80000, 100000, 150000],
    "lr_gamma": 0.5,
    "fs": "wavelet",
    "norm": true,
    "sup_LL": true,
    "pixel_criterion": "l1",
    "pixel_weight": 1,
    "pixel_LL_weight": 1,
    "feature_criterion": "LPIPS",
    "feature_weight": 1,
    "gan_type": "vanilla",
    "ragan": false,
    "gan_H_target": 0.005,
    "gan_H_source": 0,
    "G_update_inter": 1,
    "D_update_inter": 1,
    "manual_seed": 0,
    "niter": 350000.0,
    "val_freq": 2500.0
  },
  "logger": {
    "print_freq": 200,
    "save_checkpoint_freq": 2500.0
  }
}