{
  "name": "0422_Resnet_PSNR_dx4_DIV2K" //  please remove "debug_" during training
  , "use_tb_logger": true
  , "model":"De_Resnet"
  , "scale": 4
  , "gpu_ids": [0]

  , "datasets": {
    "train": {
      "name": "DIV2K"
      , "mode": "LRHR"
      , "dataroot_HR": "/media/4T/Dizzy/DIVFickr2K/DIV2KFlickr2K"
      , "dataroot_LR": null
      , "subset_file": null
      , "use_shuffle": true
      , "n_workers": 8
      , "batch_size": 16
      , "HR_size": 192 // 128 | 192
      , "use_flip": true
      , "use_rot": true
    }
    , "val": {
      "name": "val_set5"
      , "mode": "LRHR"
      , "dataroot_HR": "/media/4T/Dizzy/SR_classical_DataSet/Set5/HR"
      , "dataroot_LR": null
    }
  }

  , "path": {
    "root": "/media/4T/Dizzy/BasicSR-master"
     , "resume_state": "/media/4T/Dizzy/BasicSR-master/experiments/1001_Resnet_PSNR_dx4_DIV2K/training_state/485000.state"
    , "pretrain_model_G": "/media/4T/Dizzy/BasicSR-master/experiments/1001_Resnet_PSNR_dx4_DIV2K/models/485000_G.pth"
  }

  , "network_G": {
    "which_model_G": "De_Resnet" // RRDB_net | sr_resnet
    , "norm_type": null
    , "mode": "CNA"
    , "nf": 64
    , "nb": 22
    , "in_nc": 3
    , "out_nc": 3
    , "gc": 32
    , "group": 1
  }

  , "train": {
    "lr_G": 2e-4
    , "lr_scheme": "MultiStepLR"
    , "lr_steps": [200000, 400000, 600000, 800000]
    , "lr_gamma": 0.5

    , "pixel_criterion": "l1"
    , "pixel_weight": 1.0
    , "val_freq": 5e3

    , "manual_seed": 0
    , "niter": 1e6
  }

  , "logger": {
    "print_freq": 200
    , "save_checkpoint_freq": 5e3
  }
}

