{
  "name": "0614_De_patch_wavelet_GAN_4xd_AIM" //  please remove "debug_" during training
  , "use_tb_logger": true
  , "model":"De_patch_wavelet_GAN"
  , "scale": 4
  , "gpu_ids": [0]
  , "chop": false
  , "val_lpips": true
  ,"datasets": {
    "train": {
      "name": "DIV2K_AIM"
      , "mode": "LRHR_Trans_Wavelet_GAN"
      , "dataroot_HR": "/media/4T/Dizzy/AIM/AIM_datasets/DIV2K_train_HR"
      , "dataroot_LR": null
      , "dataroot_Trans_refer": "/media/4T/Dizzy/AIM/AIM_datasets/TrainingSource"
      , "subset_file": null
      , "use_shuffle": true
      , "n_workers": 3
      , "batch_size": 3
      , "HR_size": 512
      , "use_flip": true
      , "use_rot": true
    }
    , "val": {
      "name": "val_RealSR"
      , "mode": "LRHR"
      , "dataroot_HR": "/media/4T/Dizzy/AIM/AIM_datasets/DIV2K_val100/DIV2K_valid_HR"
      , "dataroot_LR": "/media/4T/Dizzy/AIM/AIM_datasets/ValidationSource"
    }
  }

  , "path": {
    "root": "/media/4T/Dizzy/BasicSR-master"
  , "resume_state": null
    , "pretrain_model_G": null
    , "pretrain_model_D": null
  }

  , "network_G": {
    "which_model_G": "De_Resnet" // RRDB_net | sr_resnet
    , "norm_type": null
    , "mode": "CNA"
    , "nf": 64
    , "nb": 22
    , "in_nc": 3
    , "out_nc": 3
    , "gc": 32
    , "group": 1
  }
  , "network_D": {
    "which_model_D": "discriminator_patch"
    , "norm_type": "Instance"
    , "act_type": "leakyrelu"
    , "mode": "CNA"
    , "nf": 64
    , "in_nc": 3
    , "n_layers": 2

  }

  , "train": {
    "lr_G": 1e-4
    , "weight_decay_G": 0
    , "beta1_G": 0.9
    , "lr_D": 1e-4
    , "weight_decay_D": 0
    , "beta1_D": 0.9
    , "lr_scheme": "MultiStepLR"
    , "lr_steps": [100000, 20000, 300000, 400000]
    , "lr_gamma": 0.5

    , "pixel_criterion": "l1"
    , "pixel_weight": 1e-2
    , "feature_criterion": "l1"
    , "feature_weight": 1e-2
    , "gan_type": "vanilla"
    , "gan_weight": 7e-3
    , "ragan": true
    //for wgan-gp
    // , "D_update_ratio": 1
    // , "D_init_iters": 0
    // , "gp_weigth": 10

    , "manual_seed": 0
    , "niter": 5e5
    , "val_freq": 5e3
  }

  , "logger": {
    "print_freq": 200
    , "save_checkpoint_freq": 5e3
  }
}
