{
  "name": "0603_DASR_SRN_auto_reproduce_realsr" //  please remove "debug_" during training
  , "use_tb_logger": true
  , "model":"DASR_FS_ESRGAN_patchGAN"
  , "scale": 4
  , "gpu_ids": [0]
  , "chop": false
  , "val_lpips": true
  , "multiweights": true
  , "datasets": {
    "train": {
      "name": "DIV2K"
      , "mode": "LRHR_wavelet_unpair_fake_weights_EQ"
      , "dataroot_HR": "/media/4T/Dizzy/SR_classical_DataSet/RealSR/RealSRV3/Canon/Train/4/HR"
      , "dataroot_fake_LR": "/media/4T/Dizzy/DASR/DSN_results/0712_DeResnet+avgpool+FSD+wtex0.005_realsr_tdrealsr/imgs"
      , "dataroot_real_LR": "/media/4T/Dizzy/SR_classical_DataSet/RealSR/RealSRV3/Canon/Train/4/LR"
      , "dataroot_fake_weights": "/media/4T/Dizzy/DASR/DSN_results/0712_DeResnet+avgpool+FSD+wtex0.005_realsr_tdrealsr/ddm"
      , "subset_file": null
      , "use_shuffle": true
      , "n_workers": 32
      , "batch_size": 16
      , "HR_size": 128
      , "use_flip": true
      , "use_rot": true
    }
    , "val": {
      "name": "AIM_4xd"
      , "mode": "LRHR"
      , "dataroot_HR": "/media/4T/Dizzy/AIM/AIM_datasets/DIV2K_val100/DIV2K_valid_HR"
      , "dataroot_LR": "/media/4T/Dizzy/AIM/AIM_datasets/ValidationSource"
    }
  }

  , "path": {
    "root": "/media/4T/Dizzy/BasicSR-master"
  , "resume_state": null
  , "pretrain_model_G": null
    , "pretrain_model_D_target": null
    , "pretrain_model_D_source": null
  }

  , "network_G": {
    "which_model_G": "RRDB_net" // RRDB_net | sr_resnet
    , "norm_type": null
    , "mode": "CNA"
    , "nf": 64
    , "nb": 23
    , "in_nc": 3
    , "out_nc": 3
    , "gc": 32
    , "group": 1
    , "reduction": 16
    , "nbht": 4
  }
  , "network_D": {
    "which_model_D": "discriminator_patch"
    , "which_model_pairD": "discriminator_patch"
    , "norm_type": "Batch"
    , "act_type": "leakyrelu"
    , "mode": "CNA"
    , "nf": 64
    , "in_nc": 9
    , "n_layers": 2
  }

  , "train": {
    "lr_G": 5e-5
    , "weight_decay_G": 0
    , "beta1_G": 0.9
    , "lr_D": 5e-5
    , "weight_decay_D": 0
    , "beta1_D": 0.9
    , "lr_scheme": "MultiStepLR"
    , "lr_steps": [50000, 80000]
    , "lr_gamma": 0.5
    , "fs": "wavelet"
    , "norm": true
    , "sup_LL": true

    ,"pixel_criterion": "l1"
    , "pixel_weight": 1
    , "pixel_LL_weight": 1
    , "feature_criterion": "l1"
    , "feature_weight": 1e-2
    , "gan_type": "vanilla"
    , "ragan": false
    , "gan_H_target": 1e-4
    , "gan_H_source": 0
    , "G_update_inter": 1
    , "D_update_inter": 1

    , "D_update_ratio": 1
    , "D_init_iters": 0
    , "gp_weigth": 10

    , "manual_seed": 0
    , "niter": 1e5
    , "val_freq": 2.5e3
  }

  , "logger": {
    "print_freq": 200
    , "save_checkpoint_freq": 2.5e3
  }
}
